Id,SalePrice,OOF_Pred
1,208500,201751.62104552877
2,181500,168397.11824362498
3,223500,210007.87427892972
4,140000,169857.76488451858
5,250000,307671.28253034316
6,143000,142215.49420269177
7,307000,296733.56831308274
8,200000,246880.18882026814
9,129900,157092.4359442696
10,118000,126717.68303123864
11,129500,128893.08747363955
12,345000,411156.99370771844
13,144000,133411.24444059219
14,279500,214295.6143816979
15,157000,162792.65504938542
16,132000,137733.34118094927
17,149000,148287.57675953073
18,90000,111636.41598987246
19,159000,153272.75534762314
20,139000,119903.6666510407
21,325300,326363.1561264997
22,139400,134468.91810188882
23,230000,231077.35040726693
24,129900,144638.79211852085
25,154000,155287.18204852362
26,256300,277810.4321742914
27,134800,126949.539049803
28,306000,283452.84860383684
29,207500,184718.34467253258
30,68500,74597.58797791295
31,40000,99367.17712432574
32,149350,145721.608897392
33,179900,212817.36379207094
34,165500,163267.89851269798
35,277500,313976.78703201155
36,309000,328380.038759862
37,145000,142087.25950279494
38,153000,141403.7411745905
39,109000,135121.4787723078
40,82000,93191.66412110058
41,160000,147241.78725760872
42,170000,174940.85906945227
43,144000,137547.52033029203
44,130250,128902.46353872308
45,141000,148227.2378725907
46,319900,277741.10442493286
47,239686,300432.36976829864
48,249700,242797.62273631658
49,113000,103577.89761499953
50,127000,123636.73804073708
51,177000,176657.97617862446
52,114500,129880.70780497689
53,110000,110388.0658394463
54,385000,350076.52429890836
55,130000,119352.02066856017
56,180500,164565.34241188414
57,172500,192138.27841655412
58,196500,200974.32771325554
59,438780,425987.14073007985
60,124900,118760.955889323
61,158000,160785.2519336037
62,101000,91314.45413517009
63,202500,223311.24050370738
64,140000,139993.37188500998
65,219500,218137.68643347718
66,317000,325150.0563865645
67,180000,271783.23985475005
68,226000,203957.8478513464
69,80000,91144.67801357667
70,225000,249876.6976886675
71,244000,286281.29123019794
72,129500,122735.13243739425
73,185000,192924.95379384796
74,144900,148904.90297949486
75,107400,123718.88638259424
76,91000,95816.09354962768
77,135750,112538.10125526472
78,127000,121285.30660089856
79,136500,114839.77888878409
80,110000,115593.36149786685
81,193500,199521.81599509102
82,153500,167980.66420122152
83,245000,268334.42650475365
84,126500,131664.39348813484
85,168500,172154.05887639968
86,260000,260148.2367211603
87,174000,172671.89697728018
88,164500,160540.97288655682
89,85000,92004.5945759076
90,123600,115929.34363845468
91,109900,98806.14752817346
92,98600,126225.85935102706
93,163500,150851.77102736605
94,133900,190934.47132631342
95,204750,201162.28983821187
96,185000,178587.3178359086
97,214000,222706.05753411094
98,94750,126487.87281602516
99,83000,80832.52504365784
100,128950,116713.36775781865
101,205000,214805.53428175248
102,178000,178923.00622476588
103,118964,116985.08302389595
104,198900,193677.09441292885
105,169500,156083.7661526488
106,250000,254728.38366521083
107,100000,86537.49436066613
108,115000,102335.50333293281
109,115000,119528.42141837617
110,190000,193036.62046336944
111,136900,138447.03138730457
112,180000,169472.85849545037
113,383970,326688.8056677956
114,217000,194136.6632719587
115,259500,216770.1483389589
116,176000,168955.70279899778
117,139000,136180.03567409274
118,155000,138729.32186635662
119,320000,371504.99339684955
120,163990,173901.21066135174
121,180000,152670.2741767577
122,100000,89034.81397845953
123,136000,145702.31106103456
124,153900,169229.1160722549
125,181000,175417.77345702884
126,84500,100649.56723158494
127,128000,138265.86134521742
128,87000,89284.00339538143
129,155000,150173.1509848608
130,150000,145391.61041328215
131,226000,223364.84484194499
132,244000,208114.57822260086
133,150750,143222.0266446877
134,220000,210909.69101499696
135,180000,161840.77700303454
136,174000,183761.56578870708
137,143000,151182.57713661224
138,171000,272703.68667913927
139,230000,245377.1806909959
140,231500,210414.11230569484
141,115000,93532.1888137328
142,260000,266239.22329005017
143,166000,124291.45701118154
144,204000,222004.6530954011
145,125000,136859.86797303185
146,130000,149995.7144905723
147,105000,97439.50463189039
148,222500,215579.87588806663
149,141000,171487.26463973746
150,115000,97598.25950120647
151,122000,140800.86684667683
152,372402,336813.8660765339
153,190000,181671.5110095454
154,235000,179725.19689136822
155,125000,109779.95123315066
156,79000,86642.77177675656
157,109500,116234.84862113564
158,269500,272710.5155149129
159,254900,224089.17286333584
160,320000,279624.1355505954
161,162500,163103.47474310812
162,412500,406189.4321566112
163,220000,250319.12630576777
164,103200,86100.62134546472
165,152000,138296.95053239446
166,127500,121692.43859581073
167,190000,182383.63612844935
168,325624,332061.63532182685
169,183500,187744.97940679127
170,228000,247542.0807902601
171,128500,142949.88239323118
172,215000,191235.93620828804
173,239000,190382.3345360023
174,163000,150302.4512422818
175,184000,214963.29124842054
176,243000,223254.86772609176
177,211000,211241.68921670326
178,172500,159897.2957893371
179,501837,454662.90026173514
180,100000,127376.9218283764
181,177000,173022.54881074562
182,200100,170861.79530458731
183,120000,133135.06944287661
184,200000,243940.76738806313
185,127000,115259.58634566113
186,475000,417402.6779339017
187,173000,173119.10473947317
188,135000,138986.5797973619
189,153337,143100.75270152165
190,286000,263403.0169985591
191,315000,253273.39305383465
192,184000,167498.95315808672
193,192000,204200.40589701151
194,130000,140198.24321396684
195,127000,122694.85134575279
196,148500,149398.30163743097
197,311872,295599.92955966014
198,235000,340180.1868823427
199,104000,137724.71942443727
200,274900,309558.109100989
201,140000,128638.41961159174
202,171500,159376.34370622467
203,112000,124755.69790041412
204,149000,140115.99663482903
205,110000,118214.95142392536
206,180500,171706.24680097567
207,143900,147210.21565796842
208,141000,135543.35650034747
209,277000,240879.3273793427
210,145000,153082.38698685498
211,98000,84769.17776563967
212,186000,167507.66295773466
213,252678,230548.27608309183
214,156000,146669.7499459857
215,161750,152522.48998169063
216,134450,142699.21656022512
217,210000,201746.21260843612
218,107000,76906.69972952317
219,311500,223244.98171897055
220,167240,167154.3208269719
221,204900,223807.0816753019
222,200000,205921.44891718106
223,179900,181897.0622185167
224,97000,122606.00505693647
225,386250,409752.49252035655
226,112000,95566.73928919698
227,290000,269990.5411508903
228,106000,97992.89267446852
229,125000,120238.59205956265
230,192500,186929.5403902916
231,148000,143875.1123060382
232,403000,340843.798616058
233,94500,95947.96182706754
234,128200,131135.3062020894
235,216500,191113.89651669792
236,89500,87171.81298471618
237,185500,178804.1584652516
238,194500,214139.7165975841
239,318000,263243.5418905683
240,113000,122027.35225055437
241,262500,282257.7580962052
242,110500,92174.31543297718
243,79000,95271.88888504909
244,120000,132519.8424112785
245,205000,241281.29760923423
246,241500,236351.58697940706
247,137000,135403.11641283653
248,140000,138406.75033450942
249,180000,196047.4429921967
250,277000,255001.06781177616
251,76500,91836.18122380678
252,235000,304408.00954467274
253,173000,183190.51820202585
254,158000,156389.53705466984
255,145000,143495.34535544072
256,230000,243845.85890025808
257,207500,187037.8066915694
258,220000,221536.57750271374
259,231500,209665.54766136172
260,97000,113530.99743219903
261,176000,168479.7853080743
262,276000,373828.76517871604
263,151000,154991.1881602381
264,130000,123927.44452830385
265,73000,78904.77112426198
266,175500,180823.8464940002
267,185000,198689.1239562116
268,179500,170378.37065493743
269,120500,108025.5071348208
270,148000,143321.71435815204
271,266000,263481.9317150889
272,241500,191221.79962629723
273,290000,289633.32059011847
274,139000,164217.45243951434
275,124500,122650.70135629346
276,205000,183187.8886595493
277,201000,207858.0151927625
278,141000,95516.6402736319
279,415298,388860.7056331732
280,192000,200608.33171314182
281,228500,224905.33214124586
282,185000,170353.93907924232
283,207500,199296.65213773644
284,244600,247018.4522203043
285,179200,192230.5231309589
286,164700,163718.47453726942
287,159000,183293.13593778154
288,88000,100084.8592341189
289,122000,115294.41673718637
290,153575,161975.207531911
291,233230,247836.27298530986
292,135900,115137.14407463322
293,131000,145144.90213789415
294,235000,241035.0818140042
295,167000,164247.3814073781
296,142500,149044.90884485457
297,152000,148755.9521365057
298,239000,215049.86452659167
299,175000,178841.17997919166
300,158500,154700.61431585797
301,157000,157411.6194467563
302,267000,271698.9242966837
303,205000,223009.9698234409
304,149900,129149.2069099574
305,295000,306337.34939191764
306,305900,391997.52069738985
307,225000,243469.95785909082
308,89500,121212.30868540521
309,82500,107995.4195138155
310,360000,361502.7380030158
311,165600,182226.6935985217
312,132000,128169.39004419594
313,119900,138334.0080383063
314,375000,248398.72891734994
315,178000,174576.75187595276
316,188500,180862.221420113
317,260000,234859.5730165259
318,270000,252942.30528057725
319,260000,280065.89148178813
320,187500,194888.7707488617
321,342643,442215.0055477991
322,354000,370476.85688817874
323,301000,283875.5869310208
324,126175,128263.1779910248
325,242000,273580.7728500572
326,87000,94235.09665783087
327,324000,298997.5534229865
328,145250,148303.33927151997
329,214500,186395.94991931846
330,78000,81502.6774179051
331,119000,139076.94441920583
332,139000,136783.5196224176
333,284000,268054.3550960644
334,207000,195795.34780551022
335,192000,183758.58622016746
336,228950,202775.5477919698
337,377426,364924.1588762252
338,214000,228534.50887398474
339,202500,208118.33557788207
340,155000,154444.830866751
341,202900,215075.5096864894
342,82000,88110.06467615535
343,87500,85079.66790467456
344,266000,294484.70344935625
345,85000,99400.88058526965
346,140200,130233.98511789615
347,151500,136517.86211236767
348,157500,175702.302161498
349,154000,181609.01074223028
350,437154,458962.92025152006
351,318061,321270.3711285204
352,190000,194266.17237294794
353,95000,87674.48576569736
354,105900,119610.59637347946
355,140000,144902.70878586854
356,177500,175184.15051160683
357,173000,161407.79090735762
358,134000,148820.77009612168
359,130000,122997.0092903673
360,280000,269468.7969742555
361,156000,147974.43301966827
362,145000,140174.02796511416
363,198500,236403.37317627686
364,118000,99239.2353490837
365,190000,186320.11098954876
366,147000,135986.2810655015
367,159000,164941.31570345897
368,165000,156022.2431376285
369,132000,139125.6798477672
370,162000,157121.28799967957
371,172400,174839.7062593169
372,134432,132665.06548920044
373,125000,113883.4133678331
374,123000,115498.75371249141
375,219500,203493.74084210582
376,61000,72162.44702198061
377,148000,132361.32318453753
378,340000,284970.3226087282
379,394432,369687.6406779024
380,179000,177785.80803864554
381,127000,142440.49286546741
382,187750,195604.40307060105
383,213500,220079.25570492147
384,76000,75823.86226471864
385,240000,254158.7451086791
386,192000,184604.3123428092
387,81000,77568.95531185271
388,125000,130928.37036169063
389,191000,198149.10581746927
390,426000,385303.42194519413
391,119000,116676.97131701898
392,215000,230984.317401797
393,106500,105067.71066398828
394,100000,90658.2321561528
395,109000,117711.46054035562
396,129000,131357.41059311276
397,123000,132529.86109904695
398,169500,155039.6802352618
399,67000,87636.98520893262
400,241000,194121.92462398866
401,245500,232065.68273492376
402,164990,183859.57547426905
403,108000,96962.73606842384
404,258000,249514.66451389212
405,168000,177300.28507313135
406,150000,163669.23329640404
407,115000,119791.52764365819
408,177000,162813.72586198826
409,280000,266744.5589073616
410,339750,276338.8360718793
411,60000,112312.79318717784
412,145000,126796.50880391018
413,222000,239056.8486345039
414,115000,123671.03713188658
415,228000,245157.39547274105
416,181134,202904.5099382852
417,149500,168544.44018464218
418,239000,224160.91108483722
419,126000,101559.6110682923
420,142000,135964.4038305221
421,206300,183994.85680114146
422,215000,211173.33546956905
423,113000,123472.02363844783
424,315000,340609.35225302604
425,139000,142482.87077913302
426,135000,132924.4875295782
427,275000,239526.6101143769
428,109008,112100.86863247363
429,195400,199524.36886644294
430,175000,161469.43147574866
431,85400,93457.90994163764
432,79900,96666.75089033654
433,122500,120486.77784888008
434,181000,177338.66393785577
435,81000,85733.49729524361
436,212000,204275.80073014798
437,116000,97085.85308703755
438,119000,101285.41037753731
439,90350,99000.26228747569
440,110000,134229.2783059146
441,555000,506601.40321070486
442,118000,127952.63855793962
443,162900,146186.90167788588
444,172500,199429.55477858373
445,210000,216536.304354669
446,127500,156114.75575571737
447,190000,226610.66407208043
448,199900,211271.7768182976
449,119500,123068.03225328129
450,120000,99135.18137308472
451,110000,110617.07401976486
452,280000,224581.5923015404
453,204000,205943.6072053572
454,210000,233901.4802383665
455,188000,156521.1605831894
456,175500,165552.60370508482
457,98000,91435.27845414581
458,256000,202571.31749136932
459,161000,189563.520092975
460,110000,120257.74741334043
461,263435,222132.07858842498
462,155000,163055.44132178117
463,62383,122608.94864982372
464,188700,165413.26370990946
465,124000,132079.2524210308
466,178740,174695.8406054965
467,167000,162515.26593842354
468,146500,158993.73884681577
469,250000,240154.57941203506
470,187000,184003.30715143366
471,212000,234866.05386052903
472,190000,182422.89917418323
473,148000,138290.21350008153
474,440000,364029.2466641508
475,251000,250423.58770183424
476,132500,138988.15519796178
477,208900,212907.95080167233
478,380000,418293.9336432186
479,297000,333530.6114565558
480,89471,113076.58010532474
481,326000,344332.38153631275
482,374000,336546.9982306572
483,155000,177817.87361037356
484,164000,153881.67329957333
485,132500,135211.3214198078
486,147000,144105.46224142975
487,156000,142782.1948851295
488,175000,172878.4702502983
489,160000,140578.62211646317
490,86000,104044.92478192813
491,115000,111828.35763480957
492,133000,145067.28605602516
493,172785,169249.3102781313
494,155000,152716.87430414735
495,91300,95273.65830863135
496,34900,89974.32903489961
497,430000,378269.86585883365
498,184000,177706.71109868574
499,130000,126834.15090008419
500,120000,128112.81663756723
501,113000,107111.83718724243
502,226700,217880.07755102505
503,140000,138662.36684329636
504,289000,254252.84709438885
505,147000,137149.80730639503
506,124500,117795.11065355952
507,215000,209235.4674103103
508,208300,168595.06664350897
509,161000,144078.61591391356
510,124500,143057.99602709332
511,164900,163214.00880012353
512,202665,196602.2809436721
513,129900,125193.94348382673
514,134000,135234.85611011702
515,96500,96132.17078474711
516,402861,392389.72175914247
517,158000,176213.5006206202
518,265000,265980.824795295
519,211000,197834.38958494374
520,234000,265146.2975140735
521,106250,106166.56265949381
522,150000,150684.93767802618
523,159000,158934.36938432118
524,184750,579570.6197400053
525,315750,280618.0772240409
526,176000,185138.80090244676
527,132000,132682.30466934235
528,446261,452320.9876940462
529,86000,81978.46424841492
530,200624,260825.68890209417
531,175000,183828.70282774337
532,128000,123979.14509154574
533,107500,107127.77257899793
534,39300,56420.174762923976
535,178000,203732.21834640263
536,107500,124703.40365989547
537,188000,205381.13912659467
538,111250,116643.20650193545
539,158000,144980.83485180105
540,272000,288756.1303510451
541,315000,343916.0327867556
542,248000,267074.5783195477
543,213250,227309.29123749989
544,133000,144365.5411088175
545,179665,201260.7912869608
546,229000,260490.3633535025
547,210000,153242.68329184182
548,129500,125700.73432336729
549,125000,134141.90270424503
550,263000,235453.350353965
551,140000,130212.64762270609
552,112500,121945.25323516275
553,255500,264709.1400855535
554,108000,112101.93656204946
555,284000,244860.80405427938
556,113000,115521.949139804
557,141000,157257.18757034227
558,108000,117469.66199591241
559,175000,186824.01144641422
560,234000,192737.44593640024
561,121500,166507.43549369986
562,170000,171012.1138936715
563,108000,113667.97642913113
564,185000,183722.7145254811
565,268000,260589.11501039402
566,128000,107585.9796353887
567,325000,352513.7737852247
568,214000,206092.43408596495
569,316600,311152.60040726786
570,135960,142299.03248254492
571,142600,140385.01505498312
572,120000,116607.62169818301
573,224500,207296.58066811753
574,170000,170862.46362180382
575,139000,117194.74966704329
576,118500,117748.03274462982
577,145000,155108.51840497807
578,164500,155663.19237871087
579,146000,155490.59748061805
580,131500,137878.38403792665
581,181900,185570.91305460452
582,253293,360562.5095158897
583,118500,125276.93768268048
584,325000,321260.4928044503
585,133000,136417.3779286462
586,369900,375949.37930602574
587,130000,113931.31527924332
588,137000,131333.44525439138
589,143000,209453.20390669047
590,79500,114475.72508825341
591,185900,185173.35848473152
592,451950,414849.1692939624
593,138000,142533.8980211477
594,140000,144506.91746307712
595,110000,116861.64128110904
596,319000,346554.0967490105
597,114504,102261.35628935801
598,194201,184105.10643644043
599,217500,194138.791834363
600,151000,156350.1152979687
601,275000,257039.30346455608
602,141000,121074.96534192718
603,220000,230373.1450871712
604,151000,158317.82451193433
605,221000,221396.89563041955
606,205000,196945.9321117543
607,152000,153978.04446110653
608,225000,167190.68594552542
609,359100,281552.2982232424
610,118500,121393.64074079762
611,313000,338984.7025886075
612,148000,149604.11601065577
613,261500,243879.93134343685
614,147000,129316.63100362546
615,75500,76079.1287843879
616,137500,139193.5749533718
617,183200,182897.26989758093
618,105500,126692.33269033534
619,314813,333973.8675163151
620,305000,331278.77581806463
621,67000,58245.06952202753
622,240000,242569.2800821138
623,135000,134679.84244703947
624,168500,175284.65889856298
625,165150,164013.18526704816
626,160000,135503.67784526947
627,139900,127274.85438714434
628,153000,161565.39341806853
629,135000,184547.52252810687
630,168500,157540.87514460084
631,124000,121139.30428882278
632,209500,245878.4115095021
633,82500,177990.79315115453
634,139400,142313.64809836182
635,144000,144904.6387843939
636,200000,203941.37901740638
637,60000,51648.94894662182
638,93000,97453.32226854216
639,85000,99050.89515102205
640,264561,275148.3141445235
641,274000,287961.3624375111
642,226000,228066.88944031764
643,345000,303079.70125357265
644,152000,153515.3014174542
645,370878,298025.3474200114
646,143250,123396.71320941814
647,98300,103448.17929468163
648,155000,139510.22497953498
649,155000,153124.581534198
650,84500,78657.74548986052
651,205950,204467.8932529204
652,108000,122695.0331717173
653,191000,198191.34700818415
654,135000,132101.59435783606
655,350000,358930.0137961986
656,88000,84989.51254396382
657,145500,147912.0945843699
658,149000,176425.59859391386
659,97500,139361.00819260816
660,167000,156837.92126134087
661,197900,194482.1246242525
662,402000,397799.00924457645
663,110000,160360.95670899976
664,137500,131324.8425168782
665,423000,341023.46017892094
666,230500,227319.8371854732
667,129000,209415.71009790362
668,193500,214844.5681748663
669,168000,168619.92140808926
670,137500,117649.82858608426
671,173500,175293.95301197714
672,103600,108831.52408634825
673,165000,167659.781111979
674,257500,230999.76746018077
675,140000,148974.52706933976
676,148500,143131.8600288809
677,87000,112364.80868488109
678,109500,112799.4519532552
679,372500,330267.3953304078
680,128500,129522.37252610047
681,143000,123136.86217411191
682,159434,120239.61611455031
683,173000,171761.36133552928
684,285000,309170.65074858157
685,221000,228346.74040567345
686,207500,239833.84045851204
687,227875,219452.44296721675
688,148800,157206.2310813078
689,392000,221157.9480868464
690,194700,187094.06267245553
691,141000,145392.34780819435
692,755000,469171.6469399855
693,335000,264353.4246436433
694,108480,111217.6855547959
695,141500,119807.06718248971
696,176000,158589.27346722703
697,89000,93906.43341624108
698,123500,128824.66332487731
699,138500,130764.06913809621
700,196000,190257.21414216558
701,312500,314016.30678219127
702,140000,154366.41274567592
703,361919,328186.08283554495
704,140000,146592.01696746497
705,213000,215033.9128125673
706,55000,73790.29012660457
707,302000,269406.9514758327
708,254000,222824.21122418676
709,179540,178909.12854811075
710,109900,111713.59035785418
711,52000,83402.81276744469
712,102776,108958.02259489821
713,189000,194503.34488327152
714,129000,132181.3320895698
715,130500,183669.55119206622
716,165000,146920.9295291618
717,159500,226396.57067769207
718,157000,163240.6036465678
719,341000,298405.17291792604
720,128500,130156.3073574822
721,275000,285651.8959116061
722,143000,148429.4461946545
723,124500,115795.32815516993
724,135000,126464.245663969
725,320000,339936.91139891045
726,120500,116240.80757604502
727,222000,237104.46653560002
728,194500,192864.41426671806
729,110000,142493.794294423
730,103000,93347.27348083074
731,236500,268055.6806505233
732,187500,198605.8140536551
733,222500,231884.62617477073
734,131400,129722.3459412764
735,108000,113897.1469385254
736,163000,169717.897504998
737,93500,84496.95947243278
738,239900,237137.59169986777
739,179000,126762.04583713092
740,190000,204482.2276559324
741,132000,122622.10680314738
742,142000,131699.172752373
743,179000,180275.4775220903
744,175000,162575.7627489745
745,180000,200954.10440170194
746,299800,340821.4605609249
747,236000,239092.37128210664
748,265979,251703.84707130233
749,260400,235070.56832668543
750,98000,99765.32637747268
751,96500,98322.12650098854
752,162000,164716.74727394458
753,217000,185817.99154752542
754,275500,285952.8734252328
755,156000,149503.55547465
756,172500,174603.2719730647
757,212000,228367.8276564747
758,158900,143723.8169528294
759,179400,157633.5835248867
760,290000,307120.99591244024
761,127500,132498.6669623826
762,100000,107832.57874277374
763,215200,205155.91776475462
764,337000,322533.89711634745
765,270000,253221.32039089504
766,264132,300866.28737093887
767,196500,182010.7945254105
768,160000,183174.13681809523
769,216837,215749.49257187708
770,538000,422219.8066510627
771,134900,132409.99348486259
772,102000,119540.71628529631
773,107000,135762.870135168
774,114500,118769.35851073876
775,395000,307423.23926774855
776,162000,157763.43314650256
777,221500,221666.92565360002
778,142500,133574.06023558887
779,144000,111319.14566686582
780,135000,150041.6307541077
781,176000,169917.84931961697
782,175900,174065.48553418214
783,187100,190019.17786551118
784,165500,155419.9354727229
785,128000,130993.09070866312
786,161500,158261.59336483196
787,139000,132393.400137184
788,233000,243010.7834003182
789,107900,107119.03634837124
790,187500,211914.79254212667
791,160200,162985.38973683014
792,146800,148831.29135585157
793,269790,243287.24087028654
794,225000,240366.17469631822
795,194500,192887.46717558076
796,171000,164845.41178274993
797,143500,142340.40399348538
798,110000,103102.31309804325
799,485000,470848.16436783876
800,175000,159230.9509431495
801,200000,197019.12867746875
802,109900,118344.57889036568
803,189000,184567.16576394546
804,582933,459618.1562238146
805,118000,122745.21364894502
806,227680,207008.8204710082
807,135500,128111.30000328418
808,223500,180324.5256114747
809,159950,148926.71987152746
810,106000,115428.23239709731
811,181000,165486.56516357782
812,144500,144233.58532363235
813,55993,95879.40869784694
814,157900,157372.1454093678
815,116000,121632.47635410703
816,224900,202298.88762982038
817,137000,140299.22013483397
818,271000,287561.9725081541
819,155000,143829.54130304436
820,224000,213722.93961755297
821,183000,193186.56290572905
822,93000,78435.433634905
823,225000,204425.1918884881
824,139500,139980.19715299818
825,232600,244301.0996345895
826,385000,429281.0488374043
827,109500,106845.49688462054
828,189000,186899.28768621557
829,185000,184222.07044839123
830,147400,159766.39908964915
831,166000,172927.33981471404
832,151000,149850.29457746333
833,237000,220551.36514258853
834,167000,158684.30003792176
835,139950,131052.05137037177
836,128000,131556.34519611005
837,153500,140288.09133232068
838,100000,91673.66814503333
839,144000,147232.06762860925
840,130500,126500.62293755743
841,140000,139849.20965115388
842,157500,149007.26696077437
843,174900,153445.99417128073
844,141000,91507.48302185854
845,153900,160156.8537179905
846,171000,228934.43054325995
847,213000,197731.43578942053
848,133500,131862.4523187956
849,240000,199798.360524253
850,187000,177659.4684189722
851,131500,146183.17259143258
852,215000,190749.0408827592
853,164000,156176.62094599762
854,158000,170922.77512334392
855,170000,150984.38210512593
856,127000,135265.62630706868
857,147000,152114.39348182388
858,174000,164793.02700588116
859,152000,135357.56023502085
860,250000,217170.72530899668
861,189950,156451.19498530187
862,131500,129284.55488132504
863,152000,144108.16955142524
864,132500,137137.75410324795
865,250580,194807.1731730245
866,148500,144050.89060503116
867,248900,247324.3282997972
868,129000,145230.79399372367
869,169000,174749.50840336015
870,236000,230342.30067854127
871,109500,104246.79235326465
872,200500,188450.92157673827
873,116000,112146.80929493922
874,133000,127860.66592435676
875,66500,103942.918863102
876,303477,351419.45865606907
877,132250,135533.1561757592
878,350000,393182.69363911793
879,148000,153069.36456511662
880,136500,128476.08392444874
881,157000,161070.26088478236
882,187500,205658.1461828507
883,178000,179498.98713858557
884,118500,133896.1386477775
885,100000,121059.18181875315
886,328900,256978.30403555513
887,145000,163253.72619346523
888,135500,132020.42833048062
889,268000,335232.7362619809
890,149500,171621.1882435056
891,122900,106924.68044504747
892,172500,165066.9845546634
893,154500,132551.1439929691
894,165000,157084.91728953036
895,118858,118011.63688284601
896,140000,161023.63357799433
897,106500,85197.77581214289
898,142953,139411.43948475085
899,611657,465246.0308205186
900,135000,135165.57038041478
901,110000,119022.65020438224
902,153000,145418.65886922387
903,180000,179452.96571552567
904,240000,241864.68300998243
905,125500,127165.15321396968
906,128000,131518.14992001228
907,255000,248063.3469155299
908,250000,234064.71878757517
909,131000,122310.70804824324
910,174000,176248.33121171032
911,154300,136717.2382264344
912,143500,148758.92628569907
913,88000,115062.64908689912
914,145000,161379.4362147362
915,173733,158600.7354462481
916,75000,82284.25138265874
917,35311,77223.5073154563
918,135000,133179.2792023326
919,238000,270016.48575038987
920,176500,178014.5122321994
921,201000,196554.12220061995
922,145900,169737.51847766025
923,169990,174588.24784141383
924,193000,199257.47858372828
925,207500,203494.04060634266
926,175000,149771.66766797673
927,285000,329872.9766836787
928,176000,188782.4193742642
929,236500,244862.0800716014
930,222000,207305.18235446478
931,201000,240050.96278100918
932,117500,127911.35038825902
933,320000,334388.7450485888
934,190000,209944.90119232255
935,242000,238716.17815144092
936,79900,81453.08991338634
937,184900,185786.70646354428
938,253000,231957.6012828886
939,239799,250330.6178081901
940,244400,242934.8974957778
941,150900,198477.2583816434
942,214000,237599.52907985487
943,150000,149290.8644214751
944,143000,140976.32942688777
945,137500,152675.56252741808
946,124900,142871.54793194344
947,143000,145713.81002413557
948,270000,265476.66053591936
949,192500,207942.7437430355
950,197500,175253.03363187294
951,129000,129873.53741030651
952,119900,116917.85051397396
953,133900,130550.32661966879
954,172000,181598.2547512568
955,127500,127855.61275173914
956,145000,171940.84905701783
957,124000,129919.03517463595
958,132000,128658.42476791394
959,185000,194309.2154574188
960,155000,159332.39226848102
961,116500,121180.68085611156
962,272000,233430.11818154578
963,155000,161199.55579387356
964,239000,282492.16758682305
965,214900,215756.95597752195
966,178900,166368.2094882642
967,160000,132409.36666690404
968,135000,131427.10323023584
969,37900,64945.0077029046
970,140000,118153.14504981406
971,135000,73125.70354544913
972,173000,169282.62097535885
973,99500,130600.03195388231
974,182000,217358.9695389503
975,167500,197503.08378941065
976,165000,162579.4526807106
977,85500,88047.11833319394
978,199900,193658.228910855
979,110000,116565.96949121832
980,139000,140173.0662544568
981,178400,193367.15285960614
982,336000,317470.6855317416
983,159895,163358.18663148765
984,255900,249712.63843319952
985,126000,134465.14584578562
986,125000,122269.38737165362
987,117000,127269.55110131286
988,395192,424020.3091778088
989,195000,188048.52163657607
990,197000,192008.07245414486
991,348000,334559.38267741044
992,168000,207773.66933520781
993,187000,196439.33795077895
994,173900,173605.5635713253
995,337500,345995.40566243295
996,121600,107911.1359639176
997,136500,124858.7296424835
998,185000,175746.396319669
999,91000,85527.44820481281
1000,206000,189411.48753887037
1001,82000,77001.112409795
1002,86000,101018.81667501561
1003,232000,242388.7450169714
1004,136905,145627.97706437443
1005,181000,196022.0258510064
1006,149900,136430.48238716702
1007,163500,180195.53030657928
1008,88000,78070.30548232402
1009,240000,237388.44499770936
1010,102000,108466.12350472924
1011,135000,122809.94740579676
1012,100000,111563.54025844444
1013,165000,156624.3788916905
1014,85000,100209.04047770414
1015,119200,135421.24301964298
1016,227000,209715.39976586102
1017,203000,222702.75416163108
1018,187500,193907.18063447898
1019,160000,165777.52178995035
1020,213490,194520.59878012136
1021,176000,149632.48453046512
1022,194000,203228.92885381513
1023,87000,105991.41072347874
1024,191000,199541.808294726
1025,287000,365631.67801499774
1026,112500,121047.548589221
1027,167500,140666.21980499526
1028,293077,335451.89891206136
1029,105000,137119.4528606645
1030,118000,111518.81054180076
1031,160000,128487.75775316772
1032,197000,252483.7433273662
1033,310000,326761.883566494
1034,230000,228108.28426174246
1035,119750,123540.24722715598
1036,84000,75886.24169246524
1037,315500,330388.5215023254
1038,287000,254025.76498543555
1039,97000,111534.57878906072
1040,80000,84806.3414221213
1041,155000,164448.15689096152
1042,173000,162448.89967544697
1043,196000,173811.47059475404
1044,262280,277217.62730153464
1045,278000,289766.6451492711
1046,139600,135802.83011515744
1047,556581,454498.91166184994
1048,145000,143476.16065787387
1049,115000,144251.07863174926
1050,84900,107391.84096512363
1051,176485,181258.16662720335
1052,200141,180470.33004794215
1053,165000,171362.01651158495
1054,144500,156983.29765086866
1055,255000,255730.80743867092
1056,180000,157796.41541877584
1057,185850,216335.81402620577
1058,248000,231242.14953248063
1059,335000,392008.6152964801
1060,220000,186513.17173903223
1061,213500,191707.81047915237
1062,81000,111863.66073944097
1063,90000,122633.57712165658
1064,110500,127931.78119488973
1065,154000,162285.91443232133
1066,328000,265970.28083247447
1067,178000,177086.18818345
1068,167900,172940.17440005462
1069,151400,156814.21622055935
1070,135000,123645.06433787162
1071,135000,137166.150923402
1072,154000,154162.44324527838
1073,91500,111564.6231673895
1074,159500,159243.2302855453
1075,194000,195926.97573018033
1076,219500,175630.7278462658
1077,170000,163525.83572000367
1078,138800,132257.0277238756
1079,155900,135579.12510108878
1080,126000,134330.95898719467
1081,145000,161160.57355019386
1082,133000,130911.83603412105
1083,192000,183969.49960219386
1084,160000,156633.21559498872
1085,187500,182373.76063234542
1086,147000,148651.1780853991
1087,83500,89313.74503074893
1088,252000,261381.35396146053
1089,137500,130444.11253059501
1090,197000,217571.7526480756
1091,92900,91256.07996636652
1092,160000,159778.14494323652
1093,136500,145323.5789998046
1094,146000,154257.92070668886
1095,129000,136586.56156415818
1096,176432,175378.42269431934
1097,127000,118651.80310946995
1098,170000,186461.24521940193
1099,128000,110358.55853452288
1100,157000,168268.52726248844
1101,60000,63714.452751460136
1102,119500,118710.58228220177
1103,135000,132248.5044026977
1104,159500,145850.32818582375
1105,106000,116322.73765153908
1106,325000,304467.952913012
1107,179900,194377.32900417672
1108,274725,225009.44804875655
1109,181000,171107.44636677057
1110,280000,302734.76486744755
1111,188000,181053.36243221344
1112,205000,192048.74255861974
1113,129900,121668.18295139392
1114,134500,128773.44660797682
1115,117000,126393.8842322761
1116,318000,269179.90807565517
1117,184100,200019.690497976
1118,130000,139698.043442761
1119,140000,145473.0977471222
1120,133700,132219.8428505699
1121,118400,123097.79710203057
1122,212900,227415.49504071355
1123,112000,85527.82048199303
1124,118000,98424.34141955616
1125,163900,173398.13726958295
1126,115000,115071.91014705504
1127,174000,188591.7542634121
1128,259000,235587.68566059312
1129,215000,234545.48591639052
1130,140000,138119.6064626491
1131,135000,170914.24976803872
1132,93500,111511.71924640992
1133,117500,126024.86025580636
1134,239500,233829.96498990356
1135,169000,179751.74198123565
1136,102000,100385.60231165875
1137,119000,123037.89457088518
1138,94000,85021.70994963551
1139,196000,199667.5299883319
1140,144000,122159.62024361898
1141,139000,129905.74134640409
1142,197500,180560.50601392152
1143,424870,408579.0412730617
1144,80000,113546.42602051751
1145,80000,69880.2975428186
1146,149000,142874.78048771058
1147,180000,167252.17269638914
1148,174500,187112.86755781737
1149,116900,131861.1173561183
1150,143000,149148.98400196552
1151,124000,122488.71655185573
1152,149900,136168.0949751718
1153,230000,199753.0142477509
1154,120500,127296.37980649938
1155,201800,220699.64767088144
1156,218000,186480.3981820999
1157,179900,175185.98072158828
1158,230000,198622.9814031499
1159,235128,235494.43842239561
1160,185000,190007.51510647236
1161,146000,143921.53630795272
1162,224000,198323.7043252056
1163,129000,129700.12452434681
1164,108959,143831.52861530732
1165,194000,185220.94266071654
1166,233170,226843.11065562567
1167,245350,258361.98475810094
1168,173000,183694.56493744205
1169,235000,207590.38886136963
1170,625000,524696.7004434529
1171,171000,151915.48493102245
1172,163000,161360.16333391782
1173,171900,163289.26046020442
1174,200500,172506.86412428797
1175,239000,204988.9941423361
1176,285000,342083.32265218766
1177,119500,134860.27190043082
1178,115000,110332.90611080197
1179,154900,127167.43300956482
1180,93000,110381.75361378769
1181,250000,237162.31421723208
1182,392500,312281.9241531166
1183,745000,405367.6576318864
1184,120000,133655.88370722192
1185,186700,152044.50654877533
1186,104900,126906.44123771803
1187,95000,133309.2092202978
1188,262000,271229.5899478297
1189,195000,189250.21610100087
1190,189000,203985.52033694868
1191,168000,199972.39436856468
1192,174000,202689.44915822693
1193,125000,131323.11660263484
1194,165000,160033.4214444555
1195,158000,136716.55960383432
1196,176000,173297.39362554328
1197,219210,221863.47645768814
1198,144000,152209.42017942344
1199,178000,174817.81750312672
1200,148000,148838.35640352961
1201,116050,95783.20543609756
1202,197900,206258.95041580248
1203,117000,125092.97693927643
1204,213000,219974.58530559967
1205,153500,148880.19310352486
1206,271900,259620.30345078534
1207,107000,118191.29354193299
1208,200000,211826.19195115945
1209,140000,142473.64731523246
1210,290000,253602.92581765432
1211,189000,190071.3407646385
1212,164000,221421.16103019583
1213,113000,81104.1376125198
1214,145000,120923.8572056416
1215,134500,127147.2153621255
1216,125000,113231.76408891712
1217,112000,139866.20044661043
1218,229456,234982.04244191127
1219,80500,62949.61412867401
1220,91500,98105.81365445572
1221,115000,118170.70300208686
1222,134000,123071.34280249404
1223,143000,158207.7255582515
1224,137900,154235.9790337425
1225,184000,195297.68229928735
1226,145000,128855.13016879899
1227,214000,195396.31981571778
1228,147000,150978.89694654074
1229,367294,384890.2198516855
1230,127000,138327.84244877496
1231,190000,181128.87192163419
1232,132500,144666.0825570213
1233,101800,102057.34672331941
1234,142000,136567.43881281163
1235,130000,105716.82515152937
1236,138887,151652.3031069701
1237,175500,172787.49049250994
1238,195000,236044.9108126203
1239,142500,132404.2243792569
1240,265900,229349.00630383994
1241,224900,215149.4135283169
1242,248328,217348.3875032493
1243,170000,175961.42844039467
1244,465000,439054.7259136357
1245,230000,209141.84456910746
1246,178000,190910.02987578517
1247,186500,193301.6389236198
1248,169900,151014.84815786785
1249,129500,143202.94444067817
1250,119000,121335.4470713661
1251,244000,275975.70787212875
1252,171750,185943.59571418693
1253,130000,120301.85662303654
1254,294000,274144.44560842385
1255,165400,173588.80220320707
1256,127500,129473.48314422794
1257,301500,308921.39187245053
1258,99900,92351.16671602767
1259,190000,185274.18930361368
1260,151000,152890.3360459086
1261,181000,190643.4829310373
1262,128900,135730.47957308518
1263,161500,144026.20074956998
1264,180500,166275.89143980155
1265,181000,162349.13699405408
1266,183900,160246.32079441697
1267,122000,166366.4294741539
1268,378500,371717.8489330843
1269,381000,354391.65642664535
1270,144000,132796.87994723849
1271,260000,205932.4051810831
1272,185750,181355.8717825045
1273,137000,133562.02541095813
1274,177000,164391.76561814896
1275,139000,131114.47924785563
1276,137000,145288.44838110692
1277,162000,168733.98486528825
1278,197900,183150.27200797052
1279,237000,266619.95475703006
1280,68400,100733.3036833663
1281,227000,218273.93589435334
1282,180000,201823.09554419512
1283,150500,149688.7940237765
1284,139000,147532.50207362702
1285,169000,186247.8146298519
1286,132500,125404.49366824186
1287,143000,146723.0238622667
1288,190000,158992.29671598526
1289,278000,254573.2157442143
1290,281000,296058.0141890354
1291,180500,161919.81957933382
1292,119500,110908.20797100937
1293,107500,102707.64259726043
1294,162900,189756.13138913122
1295,115000,116840.20493884507
1296,138500,144952.1583827459
1297,155000,157840.0091889911
1298,140000,146343.03797841346
1299,160000,526379.1001038322
1300,154000,156097.6471263934
1301,225000,225463.76315966275
1302,177500,166686.1768772686
1303,290000,317376.611814845
1304,232000,209225.40278783676
1305,130000,135673.2814163408
1306,325000,350203.7462497494
1307,202500,194950.0080316633
1308,138000,146876.28294255058
1309,147000,126510.28912437562
1310,179200,165965.522620746
1311,335000,270524.73038239003
1312,203000,189924.1755531507
1313,302000,338071.269299727
1314,333168,351254.42888112605
1315,119000,119191.04125173093
1316,206900,175011.22098171274
1317,295493,255394.0000293019
1318,208900,208717.78843454606
1319,275000,282154.17548838566
1320,111000,123009.5790847848
1321,156500,168554.38503061794
1322,72500,81393.55615218215
1323,190000,206541.61380691885
1324,82500,81531.78798429071
1325,147000,293361.0332045085
1326,55000,72119.46676274028
1327,79000,90580.93180051533
1328,130500,121714.16932734752
1329,256000,202516.01473088196
1330,176500,171538.01737384737
1331,227000,283627.8082650851
1332,132500,137500.42104867732
1333,100000,113279.33340040996
1334,125500,125281.05451235277
1335,125000,121934.64926664348
1336,167900,160330.49555891694
1337,135000,143539.66500158486
1338,52500,43589.455838845155
1339,200000,225452.16139413958
1340,128500,122267.99053383294
1341,123000,105247.26729090385
1342,155000,159443.49611345827
1343,228500,247992.183248666
1344,177000,166655.179199738
1345,155835,179957.1624674684
1346,108500,84579.66107638547
1347,262500,259941.5184546804
1348,283463,285389.17188159697
1349,215000,255375.77931356558
1350,122000,210319.14835876552
1351,200000,170610.06651254685
1352,171000,158505.68176062393
1353,134900,121945.97883102807
1354,410000,394657.5493364388
1355,235000,227256.9798360494
1356,170000,211241.92791281728
1357,110000,111984.30687022934
1358,149900,155532.9408155556
1359,177500,170443.49773063796
1360,315000,446767.9220663517
1361,189000,167125.66982271
1362,260000,237022.6241265519
1363,104900,145975.2512880073
1364,156932,168344.04515191627
1365,144152,154816.97780464997
1366,216000,192968.29059229346
1367,193000,218789.66916552433
1368,127000,143669.1509748321
1369,144000,138871.6192229053
1370,232000,242133.83370859709
1371,105000,128827.91257581931
1372,165500,180969.01557749932
1373,274300,257444.5208643172
1374,466500,458469.5459051679
1375,250000,242490.45150292924
1376,239000,256480.90740926328
1377,91000,97711.10029045255
1378,117000,134471.4883186618
1379,83000,95559.99382849675
1380,167500,145284.10535713378
1381,58500,76437.8711833844
1382,237500,207520.40695289415
1383,157000,161973.636608466
1384,112000,146387.90121600518
1385,105000,115043.91334680455
1386,125500,109808.98683443411
1387,250000,286525.9459521558
1388,136000,168419.77890510514
1389,377500,371715.301440605
1390,131000,138042.24604017026
1391,235000,242462.23947564542
1392,124000,131452.03416849536
1393,123000,128306.88028862656
1394,163000,155124.769561397
1395,246578,211301.9767652266
1396,281213,278095.4179200758
1397,160000,159306.70516074332
1398,137500,134253.60193734017
1399,138000,125637.24174767012
1400,137450,146940.62763059407
1401,120000,116419.84538985188
1402,193000,179573.08631326657
1403,193879,193185.66771341919
1404,282922,270481.49461893935
1405,105000,98997.87396639571
1406,275000,317451.8887796969
1407,133000,127201.81180513019
1408,112000,111870.40386823921
1409,125500,95274.130176047
1410,215000,219556.49751104772
1411,230000,218787.4518819862
1412,140000,143799.57992397627
1413,90000,88818.89938321577
1414,257000,288723.92639427166
1415,207000,203320.07580359303
1416,175900,221267.25694447072
1417,122500,122836.17888632133
1418,340000,327444.3587386659
1419,124000,136435.76781946386
1420,223000,224996.48366422078
1421,179900,166572.21010910263
1422,127500,137829.9961637977
1423,136500,145365.53575204784
1424,274970,177886.67116875615
1425,144000,141929.82979869653
1426,142000,143087.03200346263
1427,271000,267697.76224610035
1428,140000,135387.47841836893
1429,119000,115374.88620673206
1430,182900,193149.83883651163
1431,192140,162365.22980830164
1432,143750,142027.6592602344
1433,64500,108987.83427570945
1434,186500,182387.3447197542
1435,160000,159361.96903933573
1436,174000,177159.14153149838
1437,120500,116088.76439604264
1438,394617,338329.9997086455
1439,149700,142778.82933742684
1440,197000,174143.22435766683
1441,191000,202841.0000747458
1442,149300,146010.27446339827
1443,310000,375143.38868146966
1444,121000,112264.88278818323
1445,179600,202496.57636419317
1446,129000,126392.89134793275
1447,157900,149618.4742834167
1448,240000,257734.57061420754
1449,112000,106857.12376233084
1450,92000,102690.1997882314
1451,136000,128088.020454893
1452,287090,235149.70208036547
1453,145000,137375.7307260791
1454,84500,135246.34927570357
1455,185000,178870.8616863909
1456,175000,174261.54929305916
1457,210000,195517.3980671123
1458,266500,252805.45699307855
1459,142125,128775.53416192863
1460,147500,142985.96155293554
